{"cameraMode":{"drawMode":0,"name":"Shaded","section":"Shading Mode"},"sceneLighting":false,"audioPlay":false,"sceneViewState":{"m_AlwaysRefresh":false,"showFog":true,"showSkybox":false,"showFlares":true,"showImageEffects":true,"showParticleSystems":true,"showVisualEffectGraphs":true,"m_FxEnabled":true},"in2DMode":false,"pivot":{"x":0.0019906163215637209,"y":0.5489999055862427,"z":0.03500008583068848},"rotation":{"x":0.2547919452190399,"y":-0.15271849930286408,"z":0.03643573075532913,"w":0.9556971192359924},"size":0.7383766770362854,"orthographic":false}