{"cameraMode":{"drawMode":0,"name":"Shaded","section":"Shading Mode"},"sceneLighting":false,"audioPlay":false,"sceneViewState":{"m_AlwaysRefresh":false,"showFog":true,"showSkybox":false,"showFlares":true,"showImageEffects":true,"showParticleSystems":true,"showVisualEffectGraphs":true,"m_FxEnabled":true},"in2DMode":false,"pivot":{"x":-758.0018920898438,"y":-102.83000183105469,"z":-984.0304565429688},"rotation":{"x":-0.7335468530654907,"y":0.006738385185599327,"z":-0.0015177804743871093,"w":-0.6818418502807617},"size":2.291287899017334,"orthographic":true}