{"cameraMode":{"drawMode":0,"name":"Shaded","section":"Shading Mode"},"sceneLighting":true,"audioPlay":false,"sceneViewState":{"m_AlwaysRefresh":false,"showFog":true,"showSkybox":true,"showFlares":true,"showImageEffects":true,"showParticleSystems":true,"showVisualEffectGraphs":true,"m_FxEnabled":true},"in2DMode":false,"pivot":{"x":-809.923583984375,"y":24.263999938964845,"z":-1184.9691162109375},"rotation":{"x":0.03931364417076111,"y":-0.036123085767030719,"z":-0.00014554744120687246,"w":1.000547170639038},"size":1.6304645538330079,"orthographic":false}